{
  "dependencies": {
    "com.unity.2d.sprite": {
      "version": "1.0.0",
      "depth": 0,
      "source": "builtin",
      "dependencies": {}
    },
    "com.unity.2d.tilemap": {
      "version": "1.0.0",
      "depth": 0,
      "source": "builtin",
      "dependencies": {
        "com.unity.modules.tilemap": "1.0.0",
        "com.unity.modules.uielements": "1.0.0"
      }
    },
    "com.unity.ads": {
      "version": "4.4.2",
      "depth": 0,
      "source": "registry",
      "dependencies": {
        "com.unity.ugui": "1.0.0"
      },
      "url": "https://packages.unity.com"
    },
    "com.unity.ai.navigation": {
      "version": "1.1.4",
      "depth": 0,
      "source": "registry",
      "dependencies": {
        "com.unity.modules.ai": "1.0.0"
      },
      "url": "https://packages.unity.com"
    },
    "com.unity.analytics": {
      "version": "3.8.1",
      "depth": 0,
      "source": "registry",
      "dependencies": {
        "com.unity.services.analytics": "1.0.4",
        "com.unity.ugui": "1.0.0"
      },
      "url": "https://packages.unity.com"
    },
    "com.unity.collab-proxy": {
      "version": "2.0.5",
      "depth": 0,
      "source": "registry",
      "dependencies": {},
      "url": "https://packages.unity.com"
    },
    "com.unity.ext.nunit": {
      "version": "1.0.6",
      "depth": 1,
      "source": "registry",
      "dependencies": {},
      "url": "https://packages.unity.com"
    },
    "com.unity.ide.rider": {
      "version": "3.0.24",
      "depth": 0,
      "source": "registry",
      "dependencies": {
        "com.unity.ext.nunit": "1.0.6"
      },
      "url": "https://packages.unity.com"
    },
    "com.unity.ide.visualstudio": {
      "version": "2.0.18",
      "depth": 0,
      "source": "registry",
      "dependencies": {
        "com.unity.test-framework": "1.1.9"
      },
      "url": "https://packages.unity.com"
    },
    "com.unity.ide.vscode": {
      "version": "1.2.5",
      "depth": 0,
      "source": "registry",
      "dependencies": {},
      "url": "https://packages.unity.com"
    },
    "com.unity.nuget.newtonsoft-json": {
      "version": "3.2.1",
      "depth": 2,
      "source": "registry",
      "dependencies": {},
      "url": "https://packages.unity.com"
    },
    "com.unity.purchasing": {
      "version": "4.9.3",
      "depth": 0,
      "source": "registry",
      "dependencies": {
        "com.unity.ugui": "1.0.0",
        "com.unity.modules.unityanalytics": "1.0.0",
        "com.unity.modules.unitywebrequest": "1.0.0",
        "com.unity.modules.jsonserialize": "1.0.0",
        "com.unity.modules.androidjni": "1.0.0",
        "com.unity.services.core": "1.8.1"
      },
      "url": "https://packages.unity.com"
    },
    "com.unity.services.analytics": {
      "version": "5.0.0",
      "depth": 1,
      "source": "registry",
      "dependencies": {
        "com.unity.ugui": "1.0.0",
        "com.unity.modules.jsonserialize": "1.0.0",
        "com.unity.services.core": "1.10.1"
      },
      "url": "https://packages.unity.com"
    },
    "com.unity.services.core": {
      "version": "1.10.1",
      "depth": 1,
      "source": "registry",
      "dependencies": {
        "com.unity.modules.unitywebrequest": "1.0.0",
        "com.unity.nuget.newtonsoft-json": "3.2.1",
        "com.unity.modules.androidjni": "1.0.0"
      },
      "url": "https://packages.unity.com"
    },
    "com.unity.test-framework": {
      "version": "1.1.33",
      "depth": 0,
      "source": "registry",
      "dependencies": {
        "com.unity.ext.nunit": "1.0.6",
        "com.unity.modules.imgui": "1.0.0",
        "com.unity.modules.jsonserialize": "1.0.0"
      },
      "url": "https://packages.unity.com"
    },
    "com.unity.textmeshpro": {
      "version": "3.0.6",
      "depth": 0,
      "source": "registry",
      "dependencies": {
        "com.unity.ugui": "1.0.0"
      },
      "url": "https://packages.unity.com"
    },
    "com.unity.timeline": {
      "version": "1.7.5",
      "depth": 0,
      "source": "registry",
      "dependencies": {
        "com.unity.modules.director": "1.0.0",
        "com.unity.modules.animation": "1.0.0",
        "com.unity.modules.audio": "1.0.0",
        "com.unity.modules.particlesystem": "1.0.0"
      },
      "url": "https://packages.unity.com"
    },
    "com.unity.ugui": {
      "version": "1.0.0",
      "depth": 0,
      "source": "builtin",
      "dependencies": {
        "com.unity.modules.ui": "1.0.0",
        "com.unity.modules.imgui": "1.0.0"
      }
    },
    "com.unity.xr.legacyinputhelpers": {
      "version": "2.1.10",
      "depth": 0,
      "source": "registry",
      "dependencies": {
        "com.unity.modules.vr": "1.0.0",
        "com.unity.modules.xr": "1.0.0"
      },
      "url": "https://packages.unity.com"
    },
    "com.unity.modules.ai": {
      "version": "1.0.0",
      "depth": 0,
      "source": "builtin",
      "dependencies": {}
    },
    "com.unity.modules.androidjni": {
      "version": "1.0.0",
      "depth": 0,
      "source": "builtin",
      "dependencies": {}
    },
    "com.unity.modules.animation": {
      "version": "1.0.0",
      "depth": 0,
      "source": "builtin",
      "dependencies": {}
    },
    "com.unity.modules.assetbundle": {
      "version": "1.0.0",
      "depth": 0,
      "source": "builtin",
      "dependencies": {}
    },
    "com.unity.modules.audio": {
      "version": "1.0.0",
      "depth": 0,
      "source": "builtin",
      "dependencies": {}
    },
    "com.unity.modules.cloth": {
      "version": "1.0.0",
      "depth": 0,
      "source": "builtin",
      "dependencies": {
        "com.unity.modules.physics": "1.0.0"
      }
    },
    "com.unity.modules.director": {
      "version": "1.0.0",
      "depth": 0,
      "source": "builtin",
      "dependencies": {
        "com.unity.modules.audio": "1.0.0",
        "com.unity.modules.animation": "1.0.0"
      }
    },
    "com.unity.modules.imageconversion": {
      "version": "1.0.0",
      "depth": 0,
      "source": "builtin",
      "dependencies": {}
    },
    "com.unity.modules.imgui": {
      "version": "1.0.0",
      "depth": 0,
      "source": "builtin",
      "dependencies": {}
    },
    "com.unity.modules.jsonserialize": {
      "version": "1.0.0",
      "depth": 0,
      "source": "builtin",
      "dependencies": {}
    },
    "com.unity.modules.particlesystem": {
      "version": "1.0.0",
      "depth": 0,
      "source": "builtin",
      "dependencies": {}
    },
    "com.unity.modules.physics": {
      "version": "1.0.0",
      "depth": 0,
      "source": "builtin",
      "dependencies": {}
    },
    "com.unity.modules.physics2d": {
      "version": "1.0.0",
      "depth": 0,
      "source": "builtin",
      "dependencies": {}
    },
    "com.unity.modules.screencapture": {
      "version": "1.0.0",
      "depth": 0,
      "source": "builtin",
      "dependencies": {
        "com.unity.modules.imageconversion": "1.0.0"
      }
    },
    "com.unity.modules.subsystems": {
      "version": "1.0.0",
      "depth": 1,
      "source": "builtin",
      "dependencies": {
        "com.unity.modules.jsonserialize": "1.0.0"
      }
    },
    "com.unity.modules.terrain": {
      "version": "1.0.0",
      "depth": 0,
      "source": "builtin",
      "dependencies": {}
    },
    "com.unity.modules.terrainphysics": {
      "version": "1.0.0",
      "depth": 0,
      "source": "builtin",
      "dependencies": {
        "com.unity.modules.physics": "1.0.0",
        "com.unity.modules.terrain": "1.0.0"
      }
    },
    "com.unity.modules.tilemap": {
      "version": "1.0.0",
      "depth": 0,
      "source": "builtin",
      "dependencies": {
        "com.unity.modules.physics2d": "1.0.0"
      }
    },
    "com.unity.modules.ui": {
      "version": "1.0.0",
      "depth": 0,
      "source": "builtin",
      "dependencies": {}
    },
    "com.unity.modules.uielements": {
      "version": "1.0.0",
      "depth": 0,
      "source": "builtin",
      "dependencies": {
        "com.unity.modules.ui": "1.0.0",
        "com.unity.modules.imgui": "1.0.0",
        "com.unity.modules.jsonserialize": "1.0.0"
      }
    },
    "com.unity.modules.umbra": {
      "version": "1.0.0",
      "depth": 0,
      "source": "builtin",
      "dependencies": {}
    },
    "com.unity.modules.unityanalytics": {
      "version": "1.0.0",
      "depth": 0,
      "source": "builtin",
      "dependencies": {
        "com.unity.modules.unitywebrequest": "1.0.0",
        "com.unity.modules.jsonserialize": "1.0.0"
      }
    },
    "com.unity.modules.unitywebrequest": {
      "version": "1.0.0",
      "depth": 0,
      "source": "builtin",
      "dependencies": {}
    },
    "com.unity.modules.unitywebrequestassetbundle": {
      "version": "1.0.0",
      "depth": 0,
      "source": "builtin",
      "dependencies": {
        "com.unity.modules.assetbundle": "1.0.0",
        "com.unity.modules.unitywebrequest": "1.0.0"
      }
    },
    "com.unity.modules.unitywebrequestaudio": {
      "version": "1.0.0",
      "depth": 0,
      "source": "builtin",
      "dependencies": {
        "com.unity.modules.unitywebrequest": "1.0.0",
        "com.unity.modules.audio": "1.0.0"
      }
    },
    "com.unity.modules.unitywebrequesttexture": {
      "version": "1.0.0",
      "depth": 0,
      "source": "builtin",
      "dependencies": {
        "com.unity.modules.unitywebrequest": "1.0.0",
        "com.unity.modules.imageconversion": "1.0.0"
      }
    },
    "com.unity.modules.unitywebrequestwww": {
      "version": "1.0.0",
      "depth": 0,
      "source": "builtin",
      "dependencies": {
        "com.unity.modules.unitywebrequest": "1.0.0",
        "com.unity.modules.unitywebrequestassetbundle": "1.0.0",
        "com.unity.modules.unitywebrequestaudio": "1.0.0",
        "com.unity.modules.audio": "1.0.0",
        "com.unity.modules.assetbundle": "1.0.0",
        "com.unity.modules.imageconversion": "1.0.0"
      }
    },
    "com.unity.modules.vehicles": {
      "version": "1.0.0",
      "depth": 0,
      "source": "builtin",
      "dependencies": {
        "com.unity.modules.physics": "1.0.0"
      }
    },
    "com.unity.modules.video": {
      "version": "1.0.0",
      "depth": 0,
      "source": "builtin",
      "dependencies": {
        "com.unity.modules.audio": "1.0.0",
        "com.unity.modules.ui": "1.0.0",
        "com.unity.modules.unitywebrequest": "1.0.0"
      }
    },
    "com.unity.modules.vr": {
      "version": "1.0.0",
      "depth": 0,
      "source": "builtin",
      "dependencies": {
        "com.unity.modules.jsonserialize": "1.0.0",
        "com.unity.modules.physics": "1.0.0",
        "com.unity.modules.xr": "1.0.0"
      }
    },
    "com.unity.modules.wind": {
      "version": "1.0.0",
      "depth": 0,
      "source": "builtin",
      "dependencies": {}
    },
    "com.unity.modules.xr": {
      "version": "1.0.0",
      "depth": 0,
      "source": "builtin",
      "dependencies": {
        "com.unity.modules.physics": "1.0.0",
        "com.unity.modules.jsonserialize": "1.0.0",
        "com.unity.modules.subsystems": "1.0.0"
      }
    }
  }
}
